variant,converted,length_of_stay,revenue,time_spent
A,FALSE,0,0,3.885459215
A,FALSE,0,0,8.445179031
A,FALSE,0,0,7.169205604
A,FALSE,0,0,0.603648339
A,FALSE,0,0,1.979204174
A,FALSE,0,0,5.533052851
A,FALSE,0,0,0.5
A,FALSE,0,0,6.317764216
A,FALSE,0,0,8.02915249
A,FALSE,0,0,8.149483504
A,FALSE,0,0,5.644353927
A,TRUE,1,79,4.252432193
A,FALSE,0,0,5.397832235
A,FALSE,0,0,0.5
A,FALSE,0,0,0.5
A,TRUE,2,127,0.5
A,FALSE,0,0,0.5
A,FALSE,0,0,1.684212824
A,FALSE,0,0,2.29660889
A,FALSE,0,0,1.834794402
A,FALSE,0,0,14.12788218
A,FALSE,0,0,9.249508459
A,FALSE,0,0,9.268771555
A,FALSE,0,0,2.961949037
A,FALSE,0,0,0.5
A,FALSE,0,0,1.550022924
A,FALSE,0,0,10.37036834
A,FALSE,0,0,8.718751093
A,FALSE,0,0,6.738366704
A,FALSE,0,0,2.366927676
A,FALSE,0,0,5.59668391
A,FALSE,0,0,6.025929091
A,FALSE,0,0,2.643196454
A,FALSE,0,0,4.552727309
A,FALSE,0,0,6.542707244
A,FALSE,0,0,0.5
A,FALSE,0,0,0.5
A,FALSE,0,0,4.546918275
A,FALSE,0,0,0.5
A,FALSE,0,0,6.227713863
A,FALSE,0,0,7.277860686
A,FALSE,0,0,0.882368562
A,FALSE,0,0,3.631715931
A,FALSE,0,0,2.087486424
A,FALSE,0,0,2.929097318
A,FALSE,0,0,0.5
A,FALSE,0,0,4.305975362
A,FALSE,0,0,3.897865989
A,FALSE,0,0,4.919175927
A,FALSE,0,0,2.568643105
A,TRUE,1,66,2.944050092
A,FALSE,0,0,12.32125716
A,FALSE,0,0,3.195289466
A,FALSE,0,0,4.450849072
A,FALSE,0,0,7.226751968
A,TRUE,4,315,0.5
A,FALSE,0,0,2.96511085
A,FALSE,0,0,1.298337199
A,FALSE,0,0,0.5
A,FALSE,0,0,0.5
A,FALSE,0,0,4.052965989
A,FALSE,0,0,14.44155696
A,FALSE,0,0,0.5
A,FALSE,0,0,4.446631673
A,FALSE,0,0,0.5
A,FALSE,0,0,12.32549792
A,FALSE,0,0,3.844620365
A,FALSE,0,0,4.641859962
A,FALSE,0,0,7.327211524
A,FALSE,0,0,0.5
A,FALSE,0,0,2.320879685
A,FALSE,0,0,5.501716018
A,FALSE,0,0,7.133759036
A,FALSE,0,0,0.5
A,FALSE,0,0,2.231260665
A,FALSE,0,0,1.734232479
A,FALSE,0,0,6.298128256
A,TRUE,1,45,5.356504364
A,FALSE,0,0,9.54450277
A,TRUE,1,67,1.993657239
A,FALSE,0,0,0.5
A,FALSE,0,0,3.410926983
A,FALSE,0,0,0.797236909
A,FALSE,0,0,9.012740576
A,FALSE,0,0,5.935688811
A,FALSE,0,0,1.734864728
A,TRUE,4,366,0.5
A,FALSE,0,0,0.5
A,FALSE,0,0,0.908645507
A,FALSE,0,0,1.207533228
A,FALSE,0,0,1.509239744
A,FALSE,0,0,0.5
A,TRUE,4,347,0.5
A,FALSE,0,0,4.302388475
A,FALSE,0,0,0.5
A,FALSE,0,0,0.5
A,FALSE,0,0,2.551906295
A,FALSE,0,0,5.15656102
A,FALSE,0,0,2.386143593
A,FALSE,0,0,0.5
A,FALSE,0,0,11.99757647
A,FALSE,0,0,4.455083894
A,FALSE,0,0,5.573102321
A,FALSE,0,0,0.5
A,FALSE,0,0,8.188758507
A,FALSE,0,0,6.146074956
A,FALSE,0,0,0.5
A,FALSE,0,0,0.5
A,FALSE,0,0,1.268630527
A,FALSE,0,0,6.643670715
A,FALSE,0,0,1.950518725
A,FALSE,0,0,2.866086379
A,FALSE,0,0,6.595753329
A,FALSE,0,0,2.882978411
A,FALSE,0,0,5.342048419
A,FALSE,0,0,12.74922947
A,FALSE,0,0,1.789690571
A,FALSE,0,0,8.876113089
A,FALSE,0,0,3.75127657
A,FALSE,0,0,1.056134914
A,FALSE,0,0,0.5
A,FALSE,0,0,0.5
A,FALSE,0,0,8.868977126
A,FALSE,0,0,5.053084497
A,FALSE,0,0,12.44681533
A,FALSE,0,0,1.770308405
A,FALSE,0,0,3.893517072
A,FALSE,0,0,0.5
A,FALSE,0,0,2.749437073
A,FALSE,0,0,4.279406181
A,FALSE,0,0,0.5
A,FALSE,0,0,0.64579825
A,FALSE,0,0,3.122964966
A,FALSE,0,0,4.602397774
A,FALSE,0,0,4.659727158
A,FALSE,0,0,1.486882959
A,FALSE,0,0,0.5
A,FALSE,0,0,2.706612927
A,FALSE,0,0,4.766010289
A,FALSE,0,0,9.537104931
A,FALSE,0,0,0.796426803
A,FALSE,0,0,6.860402087
A,FALSE,0,0,6.638123065
A,FALSE,0,0,6.676941583
A,FALSE,0,0,3.853161562
A,FALSE,0,0,3.382420844
A,FALSE,0,0,0.5
A,FALSE,0,0,0.5
A,FALSE,0,0,0.5
A,FALSE,0,0,0.5
A,FALSE,0,0,6.694383606
A,FALSE,0,0,0.5
A,FALSE,0,0,6.337504714
A,FALSE,0,0,0.756712261
A,FALSE,0,0,4.878591938
A,FALSE,0,0,0.5
A,FALSE,0,0,4.19497295
A,FALSE,0,0,0.5
A,FALSE,0,0,9.257631658
A,FALSE,0,0,3.747756384
A,TRUE,4,292,4.675537594
A,FALSE,0,0,2.952586153
A,FALSE,0,0,0.5
A,FALSE,0,0,2.561252051
A,FALSE,0,0,1.050859684
A,FALSE,0,0,6.2005596
A,FALSE,0,0,7.664375815
A,FALSE,0,0,0.5
A,FALSE,0,0,5.635646739
A,FALSE,0,0,2.655575524
A,FALSE,0,0,5.147226438
A,FALSE,0,0,0.5
A,FALSE,0,0,2.112163268
A,FALSE,0,0,7.442424166
A,FALSE,0,0,0.5
A,FALSE,0,0,6.174783958
A,FALSE,0,0,1.080075039
A,FALSE,0,0,11.03286622
A,FALSE,0,0,9.463016949
A,FALSE,0,0,0.617113814
A,FALSE,0,0,2.824703211
A,FALSE,0,0,4.608095215
A,FALSE,0,0,8.759556647
A,FALSE,0,0,0.5
A,FALSE,0,0,5.094682246
A,FALSE,0,0,0.5
A,FALSE,0,0,2.85722573
A,FALSE,0,0,3.984064197
A,FALSE,0,0,4.822729279
A,FALSE,0,0,0.5
A,FALSE,0,0,5.375362011
A,FALSE,0,0,9.543385616
A,FALSE,0,0,1.950229452
A,FALSE,0,0,7.503212269
A,FALSE,0,0,0.5
A,FALSE,0,0,0.5
A,FALSE,0,0,4.967022153
A,FALSE,0,0,2.080433668
A,FALSE,0,0,9.863189684
A,FALSE,0,0,8.079146593
A,FALSE,0,0,2.62531418
A,FALSE,0,0,0.5
A,FALSE,0,0,0.917796581
A,FALSE,0,0,11.05759622
A,FALSE,0,0,3.908410877
A,FALSE,0,0,0.934522314
A,FALSE,0,0,0.5
A,FALSE,0,0,0.522484645
A,FALSE,0,0,10.19701239
A,FALSE,0,0,0.5
A,FALSE,0,0,4.291348675
A,FALSE,0,0,3.244784789
A,FALSE,0,0,6.319620834
A,FALSE,0,0,0.5
A,FALSE,0,0,0.5
A,FALSE,0,0,0.5
A,FALSE,0,0,9.993942605
A,FALSE,0,0,4.468898808
A,FALSE,0,0,0.5
A,FALSE,0,0,0.5
A,FALSE,0,0,7.111303386
A,FALSE,0,0,9.046354415
A,FALSE,0,0,0.5
A,FALSE,0,0,0.5
A,FALSE,0,0,0.5
A,FALSE,0,0,4.861964142
A,FALSE,0,0,4.295158306
A,FALSE,0,0,3.993798038
A,FALSE,0,0,4.077028595
A,FALSE,0,0,0.5
A,FALSE,0,0,0.5
A,FALSE,0,0,7.207950784
A,FALSE,0,0,0.5
A,FALSE,0,0,1.576943565
A,FALSE,0,0,4.862486922
A,FALSE,0,0,3.947495618
A,FALSE,0,0,7.808870144
A,FALSE,0,0,8.541193255
A,TRUE,2,144,6.422478807
A,FALSE,0,0,11.08229518
A,FALSE,0,0,2.063080224
A,TRUE,3,244,2.911375089
A,FALSE,0,0,6.697476141
A,FALSE,0,0,13.08333712
A,FALSE,0,0,7.79479505
A,FALSE,0,0,0.5
A,FALSE,0,0,0.5
A,FALSE,0,0,0.5
A,FALSE,0,0,2.605704204
A,FALSE,0,0,0.5
A,FALSE,0,0,3.240733534
A,FALSE,0,0,8.307686729
A,FALSE,0,0,7.31965942
A,FALSE,0,0,0.5
A,FALSE,0,0,6.178382418
A,FALSE,0,0,3.571032537
A,FALSE,0,0,0.5
A,FALSE,0,0,3.155124105
A,FALSE,0,0,0.5
A,FALSE,0,0,7.519991178
A,FALSE,0,0,0.5
A,FALSE,0,0,0.5
A,FALSE,0,0,1.984237437
A,FALSE,0,0,7.210126582
A,FALSE,0,0,1.810581609
A,FALSE,0,0,0.5
A,FALSE,0,0,0.5
A,FALSE,0,0,4.837577205
A,FALSE,0,0,2.311917814
A,FALSE,0,0,6.680385198
A,FALSE,0,0,5.263330293
A,FALSE,0,0,0.5
A,FALSE,0,0,7.053469763
A,FALSE,0,0,2.217029635
A,FALSE,0,0,3.023434518
A,FALSE,0,0,0.5
A,FALSE,0,0,0.959737382
A,FALSE,0,0,5.32577938
A,FALSE,0,0,5.759581438
A,FALSE,0,0,3.699066171
A,FALSE,0,0,5.253985483
A,FALSE,0,0,2.918777277
A,FALSE,0,0,0.5
A,FALSE,0,0,0.5
A,FALSE,0,0,0.5
A,FALSE,0,0,6.575810753
A,FALSE,0,0,3.363887736
A,FALSE,0,0,3.148464332
A,FALSE,0,0,2.168346975
A,FALSE,0,0,5.839480167
A,FALSE,0,0,0.5
A,FALSE,0,0,4.188222775
A,FALSE,0,0,5.69218506
A,FALSE,0,0,0.5
A,FALSE,0,0,7.900959469
A,FALSE,0,0,0.5
A,FALSE,0,0,3.789230307
A,FALSE,0,0,4.734068866
A,FALSE,0,0,0.681553171
A,FALSE,0,0,0.5
A,TRUE,1,52,5.976957382
A,FALSE,0,0,5.773070002
A,FALSE,0,0,3.803961374
A,FALSE,0,0,0.5
A,FALSE,0,0,8.079235988
A,FALSE,0,0,0.5
A,FALSE,0,0,4.581629319
A,FALSE,0,0,0.5
A,FALSE,0,0,5.351878021
A,FALSE,0,0,0.5
A,FALSE,0,0,3.938699027
A,FALSE,0,0,8.005421199
A,FALSE,0,0,2.087347968
A,FALSE,0,0,4.240663285
A,FALSE,0,0,1.930984694
A,FALSE,0,0,2.27217087
A,TRUE,4,243,1.052677401
A,FALSE,0,0,5.760464219
A,FALSE,0,0,1.050140817
A,FALSE,0,0,0.5
A,FALSE,0,0,0.5
A,FALSE,0,0,0.794205687
A,FALSE,0,0,6.824860565
A,FALSE,0,0,0.5
A,FALSE,0,0,4.444829422
A,TRUE,4,208,0.558713115
A,FALSE,0,0,0.5
A,FALSE,0,0,8.473583763
A,FALSE,0,0,5.267741086
A,FALSE,0,0,3.036483115
A,FALSE,0,0,0.5
A,FALSE,0,0,1.342320589
A,FALSE,0,0,2.807851328
A,FALSE,0,0,4.06927678
A,FALSE,0,0,4.375326184
A,FALSE,0,0,4.180569222
A,FALSE,0,0,10.87044723
A,FALSE,0,0,2.636391736
A,FALSE,0,0,0.5
A,FALSE,0,0,13.60832146
A,FALSE,0,0,10.48962272
A,FALSE,0,0,1.579004016
A,FALSE,0,0,0.5
A,FALSE,0,0,1.645706155
A,FALSE,0,0,0.5
A,FALSE,0,0,7.690267158
A,FALSE,0,0,2.982277985
A,FALSE,0,0,0.5
A,FALSE,0,0,2.23132449
A,FALSE,0,0,2.669125403
A,FALSE,0,0,0.696902886
A,FALSE,0,0,7.26727013
A,FALSE,0,0,2.514929056
A,FALSE,0,0,1.49121255
A,TRUE,1,64,0.5
A,FALSE,0,0,4.410004679
A,FALSE,0,0,2.51301669
A,FALSE,0,0,5.029822981
A,FALSE,0,0,2.823263783
A,FALSE,0,0,2.544128429
A,FALSE,0,0,12.05306212
A,FALSE,0,0,2.23924006
A,FALSE,0,0,4.276713854
A,FALSE,0,0,0.5
A,FALSE,0,0,5.773068895
A,FALSE,0,0,0.5
A,FALSE,0,0,0.5
A,FALSE,0,0,4.383539177
A,FALSE,0,0,0.5
A,FALSE,0,0,0.5
A,FALSE,0,0,0.5
A,FALSE,0,0,4.745477522
A,FALSE,0,0,1.553491565
A,FALSE,0,0,4.744926856
A,FALSE,0,0,4.592232576
A,FALSE,0,0,1.527943953
A,FALSE,0,0,3.882853483
A,FALSE,0,0,8.314146374
A,FALSE,0,0,0.5
A,FALSE,0,0,4.309593519
A,FALSE,0,0,9.702193805
A,FALSE,0,0,2.685470925
A,FALSE,0,0,1.233678615
A,FALSE,0,0,1.015244146
A,FALSE,0,0,4.406438736
A,FALSE,0,0,5.721532673
A,FALSE,0,0,4.546211101
A,FALSE,0,0,2.758014153
A,FALSE,0,0,10.96407692
A,FALSE,0,0,9.421028572
A,FALSE,0,0,6.554385253
A,FALSE,0,0,0.5
A,FALSE,0,0,3.862886924
A,FALSE,0,0,5.613899449
A,FALSE,0,0,1.691947414
A,FALSE,0,0,4.642264033
A,FALSE,0,0,0.5
A,FALSE,0,0,6.512335554
A,FALSE,0,0,4.092368198
A,FALSE,0,0,6.339756643
A,FALSE,0,0,0.5
A,FALSE,0,0,1.618340483
A,FALSE,0,0,5.805116327
A,FALSE,0,0,0.5
A,FALSE,0,0,1.069751982
A,FALSE,0,0,2.003751437
A,FALSE,0,0,0.570232453
A,FALSE,0,0,2.041032166
A,FALSE,0,0,6.953981094
A,FALSE,0,0,4.040586409
A,FALSE,0,0,4.234651992
A,FALSE,0,0,2.819788656
A,FALSE,0,0,1.613816398
A,FALSE,0,0,6.024408534
A,FALSE,0,0,5.591150462
A,FALSE,0,0,2.344637647
A,FALSE,0,0,0.621971819
A,FALSE,0,0,2.329200103
A,FALSE,0,0,1.90233026
A,FALSE,0,0,0.5
A,FALSE,0,0,0.5
A,FALSE,0,0,4.627455956
A,FALSE,0,0,6.469728673
A,FALSE,0,0,1.65081333
A,FALSE,0,0,1.163077105
A,FALSE,0,0,0.5
A,FALSE,0,0,0.5
A,FALSE,0,0,4.934532393
A,FALSE,0,0,11.10294894
A,FALSE,0,0,4.271200733
A,FALSE,0,0,2.961439908
A,FALSE,0,0,2.056478379
A,FALSE,0,0,7.559029095
A,FALSE,0,0,6.979925458
A,FALSE,0,0,2.912079937
A,FALSE,0,0,3.499034961
A,FALSE,0,0,1.735531445
A,FALSE,0,0,7.582501023
A,FALSE,0,0,0.794190411
A,FALSE,0,0,0.5
A,FALSE,0,0,8.862181808
A,FALSE,0,0,0.5
A,FALSE,0,0,0.5
A,FALSE,0,0,2.100851805
A,FALSE,0,0,0.5
A,FALSE,0,0,2.786135271
A,FALSE,0,0,5.255637121
A,FALSE,0,0,2.176897392
A,FALSE,0,0,7.77754822
A,FALSE,0,0,0.5
A,FALSE,0,0,10.4438408
A,FALSE,0,0,0.5
A,FALSE,0,0,6.805712151
A,FALSE,0,0,1.488852483
A,FALSE,0,0,2.042535272
A,FALSE,0,0,9.85951802
A,FALSE,0,0,4.90250902
A,FALSE,0,0,0.5
A,FALSE,0,0,4.459684833
A,FALSE,0,0,2.669896604
A,FALSE,0,0,0.5
A,FALSE,0,0,0.5
A,FALSE,0,0,1.650403288
A,FALSE,0,0,4.969653216
A,FALSE,0,0,11.84744194
A,FALSE,0,0,0.977731254
A,FALSE,0,0,7.490006445
A,FALSE,0,0,0.5
A,FALSE,0,0,0.5
A,FALSE,0,0,0.5
A,FALSE,0,0,4.778385796
A,FALSE,0,0,2.670857355
A,FALSE,0,0,6.255077362
A,FALSE,0,0,6.680624056
A,FALSE,0,0,3.119060847
A,FALSE,0,0,2.067102876
A,FALSE,0,0,0.5
A,FALSE,0,0,0.974138778
A,FALSE,0,0,1.505177837
A,FALSE,0,0,3.029176273
A,FALSE,0,0,3.614842006
A,FALSE,0,0,0.5
A,FALSE,0,0,4.738796194
A,FALSE,0,0,1.742163078
A,FALSE,0,0,3.032684148
A,FALSE,0,0,0.5
A,FALSE,0,0,3.097846149
A,FALSE,0,0,4.156066726
A,FALSE,0,0,2.396288438
A,FALSE,0,0,10.4374567
A,FALSE,0,0,2.593434321
A,FALSE,0,0,0.5
A,FALSE,0,0,0.5
A,FALSE,0,0,0.5
A,FALSE,0,0,4.709691763
A,FALSE,0,0,0.5
A,FALSE,0,0,1.683658358
A,FALSE,0,0,6.717700282
A,FALSE,0,0,1.328994636
A,FALSE,0,0,9.654379782
A,FALSE,0,0,1.967799997
A,FALSE,0,0,1.306546716
A,FALSE,0,0,4.170259547
A,FALSE,0,0,3.481069272
A,FALSE,0,0,2.325300062
A,FALSE,0,0,6.637396594
A,FALSE,0,0,10.05057405
A,FALSE,0,0,3.247628886
A,FALSE,0,0,2.078571043
A,FALSE,0,0,1.386090692
A,FALSE,0,0,7.910975951
A,FALSE,0,0,6.242632589
A,FALSE,0,0,0.5
A,FALSE,0,0,5.160854363
A,FALSE,0,0,6.543615205
A,FALSE,0,0,3.486773393
A,FALSE,0,0,11.94509174
A,FALSE,0,0,2.870816325
A,FALSE,0,0,0.5
A,FALSE,0,0,7.376604781
A,FALSE,0,0,2.653058959
A,FALSE,0,0,0.5
A,FALSE,0,0,6.404631021
A,FALSE,0,0,3.296752594
A,FALSE,0,0,0.5
A,FALSE,0,0,0.5
A,FALSE,0,0,1.724443069
A,FALSE,0,0,3.236091475
A,FALSE,0,0,9.536482282
A,FALSE,0,0,3.101261859
A,FALSE,0,0,7.445236261
A,FALSE,0,0,2.549582758
A,FALSE,0,0,3.570605282
A,FALSE,0,0,0.5
A,FALSE,0,0,0.5
A,FALSE,0,0,10.08057977
A,TRUE,4,255,4.529220821
A,FALSE,0,0,0.5
A,FALSE,0,0,6.763139077
A,FALSE,0,0,6.14656543
A,FALSE,0,0,6.238399439
A,FALSE,0,0,10.54407524
A,FALSE,0,0,0.5
A,FALSE,0,0,8.787177783
A,FALSE,0,0,0.5
A,FALSE,0,0,9.819613373
A,FALSE,0,0,1.673817231
A,FALSE,0,0,0.5
A,FALSE,0,0,8.608138821
A,FALSE,0,0,0.5
A,FALSE,0,0,0.62283023
A,FALSE,0,0,4.273398915
A,FALSE,0,0,0.5
A,FALSE,0,0,11.29136677
A,FALSE,0,0,3.023968021
A,FALSE,0,0,0.5
A,FALSE,0,0,4.414827048
A,FALSE,0,0,5.120449935
A,FALSE,0,0,3.420141695
A,FALSE,0,0,0.5
A,FALSE,0,0,0.869488284
A,FALSE,0,0,5.231409159
A,FALSE,0,0,1.335556949
A,FALSE,0,0,8.499162465
A,FALSE,0,0,0.5
A,FALSE,0,0,4.624964911
A,FALSE,0,0,5.864053192
A,FALSE,0,0,3.510452642
A,FALSE,0,0,0.5
A,FALSE,0,0,0.5
A,FALSE,0,0,0.5
A,TRUE,3,139,2.969517827
A,FALSE,0,0,2.35039071
A,FALSE,0,0,1.195416169
A,FALSE,0,0,0.560399154
A,FALSE,0,0,2.008357069
A,FALSE,0,0,2.589287728
A,FALSE,0,0,6.02055953
A,FALSE,0,0,3.634071518
A,FALSE,0,0,0.547896168
A,FALSE,0,0,6.044305221
A,FALSE,0,0,0.5
A,FALSE,0,0,0.93777109
A,FALSE,0,0,0.5
A,FALSE,0,0,0.5
A,FALSE,0,0,1.51447528
A,FALSE,0,0,0.5
A,FALSE,0,0,3.740643417
A,FALSE,0,0,4.817619325
A,FALSE,0,0,6.072996559
A,FALSE,0,0,8.001385476
A,FALSE,0,0,2.322819314
A,FALSE,0,0,0.966410444
A,FALSE,0,0,6.651466463
A,FALSE,0,0,2.511060095
A,FALSE,0,0,2.570987718
A,FALSE,0,0,1.703242428
A,FALSE,0,0,3.469230131
A,FALSE,0,0,5.120591308
A,FALSE,0,0,7.503970066
A,FALSE,0,0,5.848812834
A,TRUE,62,3028,4.262264876
A,FALSE,0,0,3.862384087
A,FALSE,0,0,0.5
A,FALSE,0,0,1.021739823
A,FALSE,0,0,0.5
A,FALSE,0,0,2.738870142
A,FALSE,0,0,7.032328825
A,FALSE,0,0,0.5
A,FALSE,0,0,7.359563929
A,FALSE,0,0,1.92291807
A,FALSE,0,0,6.112095875
A,FALSE,0,0,7.739701208
A,FALSE,0,0,7.517367374
A,FALSE,0,0,1.901692333
A,FALSE,0,0,1.691360857
A,FALSE,0,0,0.5
A,FALSE,0,0,1.926661225
A,FALSE,0,0,2.272343702
A,FALSE,0,0,0.5
A,FALSE,0,0,5.440877246
A,FALSE,0,0,4.75744529
A,FALSE,0,0,0.5
A,FALSE,0,0,0.588865833
A,FALSE,0,0,6.949839309
A,FALSE,0,0,1.523141767
A,FALSE,0,0,0.5
A,FALSE,0,0,1.121361517
A,FALSE,0,0,2.735825347
A,FALSE,0,0,8.768939647
A,FALSE,0,0,9.071841157
A,FALSE,0,0,2.682564288
A,FALSE,0,0,4.2662066
A,FALSE,0,0,3.130084254
A,FALSE,0,0,7.357021755
A,FALSE,0,0,0.5
A,FALSE,0,0,1.531049239
A,FALSE,0,0,10.23381844
A,FALSE,0,0,1.987969061
A,TRUE,3,199,9.374828139
A,FALSE,0,0,1.579170723
A,FALSE,0,0,0.5
A,FALSE,0,0,0.5
A,FALSE,0,0,11.12281988
A,FALSE,0,0,0.5
A,FALSE,0,0,1.857299705
A,FALSE,0,0,10.26871938
A,FALSE,0,0,4.971915436
A,FALSE,0,0,1.819524605
A,FALSE,0,0,9.768617418
A,FALSE,0,0,0.5
A,FALSE,0,0,0.5
A,FALSE,0,0,11.26334665
A,FALSE,0,0,3.609003707
A,FALSE,0,0,0.5
A,FALSE,0,0,0.5
A,FALSE,0,0,0.5
A,FALSE,0,0,0.5
A,FALSE,0,0,0.5
A,FALSE,0,0,8.499247136
A,FALSE,0,0,7.126478601
A,FALSE,0,0,6.633245026
A,FALSE,0,0,3.612981323
A,FALSE,0,0,1.178182247
A,FALSE,0,0,5.848815833
A,FALSE,0,0,0.5
A,FALSE,0,0,5.449173476
A,FALSE,0,0,3.575246842
A,FALSE,0,0,8.100539013
A,FALSE,0,0,2.505649153
A,FALSE,0,0,4.247280977
A,FALSE,0,0,7.334737243
A,FALSE,0,0,1.442033377
A,FALSE,0,0,0.536348926
A,FALSE,0,0,0.5
A,FALSE,0,0,6.771900307
A,FALSE,0,0,5.488151936
A,FALSE,0,0,0.5
A,FALSE,0,0,2.603302665
A,FALSE,0,0,6.250363462
A,FALSE,0,0,0.5
A,FALSE,0,0,6.548244819
A,FALSE,0,0,0.629250545
A,FALSE,0,0,5.473911969
A,FALSE,0,0,7.224346538
A,FALSE,0,0,4.3074403
A,FALSE,0,0,2.549172876
A,FALSE,0,0,4.067168376
A,FALSE,0,0,11.60917096
A,FALSE,0,0,4.692776189
A,FALSE,0,0,2.986505362
A,FALSE,0,0,8.625880375
A,FALSE,0,0,3.220535
A,TRUE,4,273,0.99509593
A,FALSE,0,0,0.865498722
A,FALSE,0,0,5.878900153
A,FALSE,0,0,0.5
A,FALSE,0,0,10.56615098
A,FALSE,0,0,3.825040699
A,FALSE,0,0,3.087327745
A,FALSE,0,0,1.496774394
A,FALSE,0,0,0.5
A,FALSE,0,0,3.488490914
A,FALSE,0,0,3.050083239
A,FALSE,0,0,3.606722447
A,FALSE,0,0,0.5
A,FALSE,0,0,0.5
A,FALSE,0,0,5.187336581
A,FALSE,0,0,0.5
A,FALSE,0,0,5.276638188
A,FALSE,0,0,3.552002908
A,FALSE,0,0,7.271893345
A,FALSE,0,0,5.605598847
A,FALSE,0,0,4.586288141
A,FALSE,0,0,0.5
A,FALSE,0,0,5.416967807
A,FALSE,0,0,0.868734102
A,FALSE,0,0,4.061326144
A,FALSE,0,0,1.794428171
A,FALSE,0,0,6.488400302
A,FALSE,0,0,0.835602984
B,FALSE,0,0,1
B,FALSE,0,0,20.60822889
B,TRUE,3,194,1
B,FALSE,0,0,13.83884378
B,FALSE,0,0,1
B,FALSE,0,0,6.512627631
B,FALSE,0,0,15.67658861
B,FALSE,0,0,12.60845615
B,FALSE,0,0,8.609058826
B,FALSE,0,0,5.451117417
B,FALSE,0,0,1
B,FALSE,0,0,9.005357553
B,FALSE,0,0,8.963549219
B,FALSE,0,0,14.8323869
B,FALSE,0,0,8.292286236
B,FALSE,0,0,1
B,FALSE,0,0,2.005894158
B,FALSE,0,0,9.288834404
B,FALSE,0,0,1.362357086
B,FALSE,0,0,7.35970117
B,FALSE,0,0,1
B,FALSE,0,0,1
B,FALSE,0,0,2.845400313
B,FALSE,0,0,3.571666535
B,FALSE,0,0,12.97465908
B,FALSE,0,0,9.857850052
B,FALSE,0,0,6.307506118
B,FALSE,0,0,1
B,FALSE,0,0,21.34476088
B,FALSE,0,0,7.496705699
B,FALSE,0,0,10.31514881
B,FALSE,0,0,3.31287195
B,FALSE,0,0,1
B,FALSE,0,0,16.82779471
B,FALSE,0,0,7.931288396
B,FALSE,0,0,6.835562638
B,FALSE,0,0,14.7960687
B,FALSE,0,0,20.08996089
B,FALSE,0,0,8.053734651
B,TRUE,5,245,2.955040185
B,FALSE,0,0,9.71867414
B,FALSE,0,0,18.89609547
B,FALSE,0,0,1
B,FALSE,0,0,1
B,FALSE,0,0,1
B,FALSE,0,0,10.70131274
B,FALSE,0,0,7.465754242
B,FALSE,0,0,6.316184544
B,FALSE,0,0,6.077587358
B,FALSE,0,0,11.22047052
B,FALSE,0,0,1
B,FALSE,0,0,9.691560244
B,FALSE,0,0,15.27776395
B,FALSE,0,0,5.175534391
B,FALSE,0,0,2.672264936
B,FALSE,0,0,1
B,FALSE,0,0,1
B,FALSE,0,0,2.949802371
B,FALSE,0,0,9.85824591
B,FALSE,0,0,9.056960405
B,FALSE,0,0,9.499146277
B,FALSE,0,0,18.00519845
B,FALSE,0,0,1
B,FALSE,0,0,9.938907343
B,FALSE,0,0,17.4568763
B,FALSE,0,0,10.38454535
B,FALSE,0,0,11.60365612
B,FALSE,0,0,8.092847615
B,FALSE,0,0,7.528275685
B,FALSE,0,0,12.8585477
B,FALSE,0,0,2.320496766
B,FALSE,0,0,5.595120437
B,FALSE,0,0,16.26170077
B,FALSE,0,0,1
B,FALSE,0,0,7.458250543
B,FALSE,0,0,1.689554561
B,TRUE,3,167,1.076677138
B,FALSE,0,0,18.81974287
B,FALSE,0,0,4.910904058
B,FALSE,0,0,1.712058505
B,FALSE,0,0,1
B,FALSE,0,0,8.317752607
B,FALSE,0,0,1.18142141
B,FALSE,0,0,1.712809811
B,FALSE,0,0,7.327148807
B,FALSE,0,0,15.47901198
B,FALSE,0,0,12.72953255
B,FALSE,0,0,3.937215026
B,FALSE,0,0,1
B,FALSE,0,0,6.140727529
B,FALSE,0,0,14.08498949
B,FALSE,0,0,1.452851023
B,FALSE,0,0,15.78101163
B,FALSE,0,0,1
B,FALSE,0,0,9.036956747
B,FALSE,0,0,6.290878476
B,FALSE,0,0,4.705415691
B,FALSE,0,0,6.944532067
B,FALSE,0,0,3.591752958
B,FALSE,0,0,9.278500902
B,FALSE,0,0,6.415092468
B,FALSE,0,0,2.706495376
B,FALSE,0,0,12.32189594
B,FALSE,0,0,1
B,FALSE,0,0,1
B,FALSE,0,0,7.043173756
B,FALSE,0,0,12.78285491
B,TRUE,5,273,1
B,TRUE,3,175,10.06901781
B,FALSE,0,0,5.844013907
B,FALSE,0,0,1.490059796
B,FALSE,0,0,1
B,FALSE,0,0,6.116293703
B,FALSE,0,0,12.78124682
B,FALSE,0,0,2.293269718
B,FALSE,0,0,7.878406466
B,FALSE,0,0,11.97109718
B,FALSE,0,0,1
B,FALSE,0,0,4.002681303
B,FALSE,0,0,7.490050665
B,FALSE,0,0,1
B,FALSE,0,0,1.05911104
B,FALSE,0,0,6.290642964
B,FALSE,0,0,4.220583131
B,FALSE,0,0,7.21885037
B,FALSE,0,0,11.0083003
B,TRUE,1,57,5.605787691
B,FALSE,0,0,1
B,FALSE,0,0,1
B,FALSE,0,0,1
B,FALSE,0,0,1.543812591
B,FALSE,0,0,9.617943944
B,FALSE,0,0,8.417855558
B,FALSE,0,0,6.776553357
B,FALSE,0,0,10.3582753
B,FALSE,0,0,1
B,TRUE,3,195,9.986039373
B,FALSE,0,0,1.537263101
B,FALSE,0,0,5.342494466
B,FALSE,0,0,8.575830556
B,FALSE,0,0,3.569371039
B,FALSE,0,0,19.32437426
B,FALSE,0,0,1
B,FALSE,0,0,17.05074805
B,TRUE,3,169,8.916024977
B,FALSE,0,0,1
B,FALSE,0,0,7.987836604
B,FALSE,0,0,6.168047736
B,FALSE,0,0,8.581019745
B,FALSE,0,0,9.080690947
B,FALSE,0,0,7.080048525
B,FALSE,0,0,10.0803402
B,FALSE,0,0,21.31657997
B,FALSE,0,0,5.114159168
B,FALSE,0,0,10.50758606
B,FALSE,0,0,6.642893346
B,FALSE,0,0,1.270324511
B,FALSE,0,0,9.276128426
B,FALSE,0,0,3.231013803
B,FALSE,0,0,1
B,FALSE,0,0,5.004028284
B,FALSE,0,0,13.58064337
B,FALSE,0,0,3.599899792
B,FALSE,0,0,16.70952091
B,FALSE,0,0,1
B,FALSE,0,0,5.271225347
B,FALSE,0,0,1
B,FALSE,0,0,6.191871189
B,FALSE,0,0,12.22450641
B,FALSE,0,0,9.834151166
B,FALSE,0,0,1
B,FALSE,0,0,11.65772716
B,FALSE,0,0,16.38696804
B,FALSE,0,0,5.535101667
B,FALSE,0,0,1
B,FALSE,0,0,3.887657901
B,FALSE,0,0,1
B,FALSE,0,0,13.05713238
B,FALSE,0,0,16.83923527
B,FALSE,0,0,3.299252188
B,FALSE,0,0,1
B,FALSE,0,0,3.5522273
B,FALSE,0,0,14.47153892
B,FALSE,0,0,3.769599725
B,FALSE,0,0,5.947613705
B,FALSE,0,0,1
B,FALSE,0,0,1
B,FALSE,0,0,23.1666843
B,FALSE,0,0,5.16287084
B,FALSE,0,0,4.219668037
B,FALSE,0,0,7.774978682
B,TRUE,2,132,7.787414757
B,FALSE,0,0,1
B,FALSE,0,0,6.401701218
B,FALSE,0,0,12.20490745
B,FALSE,0,0,6.047059404
B,FALSE,0,0,1
B,FALSE,0,0,1
B,FALSE,0,0,1
B,FALSE,0,0,1
B,FALSE,0,0,13.24084439
B,FALSE,0,0,1
B,FALSE,0,0,6.88260289
B,TRUE,4,223,9.239740578
B,FALSE,0,0,16.91529022
B,FALSE,0,0,14.39933873
B,FALSE,0,0,7.782829026
B,TRUE,4,231,7.236512689
B,FALSE,0,0,1
B,FALSE,0,0,1.399025259
B,FALSE,0,0,5.758235308
B,FALSE,0,0,1
B,FALSE,0,0,6.890225141
B,FALSE,0,0,12.32442183
B,FALSE,0,0,1
B,FALSE,0,0,9.32892221
B,FALSE,0,0,11.24666477
B,FALSE,0,0,1
B,FALSE,0,0,1.123254029
B,FALSE,0,0,13.77151962
B,TRUE,3,148,14.80249064
B,FALSE,0,0,1
B,FALSE,0,0,6.87313405
B,FALSE,0,0,12.18992775
B,TRUE,4,399,1
B,FALSE,0,0,1
B,FALSE,0,0,1
B,FALSE,0,0,11.51238174
B,FALSE,0,0,1.136407844
B,FALSE,0,0,9.562580473
B,FALSE,0,0,1
B,FALSE,0,0,9.383656815
B,FALSE,0,0,9.649579378
B,FALSE,0,0,1.154166517
B,FALSE,0,0,11.45670664
B,TRUE,5,348,11.29160538
B,FALSE,0,0,12.57808813
B,FALSE,0,0,1
B,FALSE,0,0,8.710084562
B,TRUE,4,356,10.68440991
B,FALSE,0,0,1
B,FALSE,0,0,1
B,FALSE,0,0,1
B,FALSE,0,0,5.40232999
B,FALSE,0,0,6.638606324
B,FALSE,0,0,5.49322792
B,TRUE,3,256,13.41662755
B,FALSE,0,0,2.953697618
B,FALSE,0,0,10.8607576
B,FALSE,0,0,1.3838854
B,FALSE,0,0,18.80805859
B,FALSE,0,0,14.22167409
B,FALSE,0,0,2.356477874
B,FALSE,0,0,1
B,FALSE,0,0,3.389396619
B,FALSE,0,0,12.21095694
B,FALSE,0,0,5.545246086
B,FALSE,0,0,6.557250329
B,FALSE,0,0,24.90052918
B,FALSE,0,0,1
B,FALSE,0,0,7.683276271
B,FALSE,0,0,7.470794617
B,FALSE,0,0,15.92936193
B,FALSE,0,0,8.999606231
B,FALSE,0,0,1
B,FALSE,0,0,1
B,FALSE,0,0,4.380257625
B,FALSE,0,0,1
B,FALSE,0,0,12.76285566
B,FALSE,0,0,8.855065518
B,TRUE,3,174,1.78969388
B,FALSE,0,0,2.867429366
B,FALSE,0,0,10.25614599
B,FALSE,0,0,21.89538443
B,FALSE,0,0,1
B,FALSE,0,0,1
B,FALSE,0,0,6.482493586
B,FALSE,0,0,9.1783406
B,FALSE,0,0,16.488039
B,FALSE,0,0,2.576004294
B,FALSE,0,0,1
B,FALSE,0,0,2.988057979
B,FALSE,0,0,1
B,FALSE,0,0,3.119185386
B,FALSE,0,0,7.494081336
B,FALSE,0,0,3.19882689
B,FALSE,0,0,1.706312998
B,FALSE,0,0,6.166251548
B,FALSE,0,0,17.73125161
B,FALSE,0,0,1
B,FALSE,0,0,4.235240081
B,FALSE,0,0,15.07487823
B,FALSE,0,0,1.021105098
B,FALSE,0,0,9.112732264
B,FALSE,0,0,4.38793069
B,FALSE,0,0,4.663813814
B,FALSE,0,0,1
B,FALSE,0,0,7.10206958
B,FALSE,0,0,14.46639779
B,FALSE,0,0,8.656266041
B,FALSE,0,0,8.690528797
B,FALSE,0,0,5.715436549
B,FALSE,0,0,12.40828431
B,FALSE,0,0,6.545935469
B,FALSE,0,0,4.601137431
B,FALSE,0,0,5.898304411
B,FALSE,0,0,2.444044863
B,FALSE,0,0,14.99918937
B,FALSE,0,0,4.304696791
B,FALSE,0,0,2.220135396
B,FALSE,0,0,17.63538781
B,FALSE,0,0,11.49322797
B,FALSE,0,0,1
B,FALSE,0,0,1
B,FALSE,0,0,10.41329003
B,FALSE,0,0,4.404231337
B,FALSE,0,0,7.843067645
B,TRUE,3,220,1
B,FALSE,0,0,8.319810145
B,FALSE,0,0,1
B,FALSE,0,0,6.405928077
B,FALSE,0,0,1
B,FALSE,0,0,24.70142681
B,FALSE,0,0,1.355468229
B,FALSE,0,0,1
B,TRUE,3,179,2.434477817
B,FALSE,0,0,14.47492546
B,TRUE,4,300,6.911138629
B,FALSE,0,0,3.785601306
B,FALSE,0,0,2.392856224
B,FALSE,0,0,5.425241642
B,FALSE,0,0,11.73602195
B,FALSE,0,0,12.14199556
B,FALSE,0,0,4.924963357
B,FALSE,0,0,1
B,FALSE,0,0,2.453240234
B,FALSE,0,0,12.65417787
B,FALSE,0,0,12.00380677
B,FALSE,0,0,6.370926867
B,FALSE,0,0,28.62229866
B,FALSE,0,0,13.84881698
B,FALSE,0,0,11.16350736
B,FALSE,0,0,6.327264796
B,FALSE,0,0,1
B,FALSE,0,0,11.89564835
B,FALSE,0,0,17.01737343
B,FALSE,0,0,9.727284542
B,FALSE,0,0,1
B,FALSE,0,0,11.92389068
B,FALSE,0,0,11.88362278
B,FALSE,0,0,5.85180455
B,FALSE,0,0,2.916596072
B,FALSE,0,0,2.515226737
B,FALSE,0,0,1.272517218
B,TRUE,1,64,4.973719117
B,FALSE,0,0,5.202716061
B,FALSE,0,0,6.779078147
B,FALSE,0,0,6.176238897
B,FALSE,0,0,6.7686109
B,FALSE,0,0,15.86826081
B,FALSE,0,0,6.18480122
B,FALSE,0,0,17.13749436
B,FALSE,0,0,1.489317861
B,FALSE,0,0,5.804691177
B,FALSE,0,0,1
B,FALSE,0,0,10.57572396
B,FALSE,0,0,8.693893426
B,FALSE,0,0,4.514286304
B,FALSE,0,0,13.00871866
B,FALSE,0,0,7.660372919
B,FALSE,0,0,11.95795401
B,FALSE,0,0,1
B,FALSE,0,0,1
B,FALSE,0,0,2.674575663
B,FALSE,0,0,7.532243595
B,FALSE,0,0,4.570829692
B,FALSE,0,0,9.657443615
B,FALSE,0,0,1
B,FALSE,0,0,8.17620141
B,FALSE,0,0,2.049439089
B,FALSE,0,0,1
B,FALSE,0,0,7.906385856
B,FALSE,0,0,5.268121717
B,FALSE,0,0,9.748788016
B,FALSE,0,0,10.65713932
B,FALSE,0,0,6.403233849
B,FALSE,0,0,8.267688716
B,FALSE,0,0,1
B,FALSE,0,0,1.67045694
B,FALSE,0,0,1.531771943
B,FALSE,0,0,5.584328057
B,FALSE,0,0,1
B,FALSE,0,0,7.60135836
B,FALSE,0,0,5.844425292
B,FALSE,0,0,2.901300732
B,FALSE,0,0,9.262819797
B,FALSE,0,0,1
B,FALSE,0,0,13.49430373
B,FALSE,0,0,3.08577084
B,FALSE,0,0,1
B,FALSE,0,0,1
B,FALSE,0,0,1
B,FALSE,0,0,9.074611327
B,FALSE,0,0,15.768468
B,FALSE,0,0,7.235421673
B,FALSE,0,0,18.01271692
B,FALSE,0,0,22.1788375
B,FALSE,0,0,3.377484666
B,FALSE,0,0,10.65368922
B,FALSE,0,0,6.276580354
B,FALSE,0,0,3.681696761
B,FALSE,0,0,1
B,FALSE,0,0,1
B,FALSE,0,0,14.16756073
B,FALSE,0,0,4.763894498
B,FALSE,0,0,2.874898743
B,FALSE,0,0,15.78974959
B,FALSE,0,0,1
B,TRUE,5,344,1
B,FALSE,0,0,14.21855205
B,TRUE,3,146,10.85441953
B,FALSE,0,0,1
B,FALSE,0,0,7.207947809
B,FALSE,0,0,10.18846326
B,FALSE,0,0,10.61250858
B,FALSE,0,0,1.679017845
B,FALSE,0,0,20.9162241
B,FALSE,0,0,1
B,FALSE,0,0,1
B,FALSE,0,0,1
B,FALSE,0,0,11.76544029
B,FALSE,0,0,12.30978262
B,FALSE,0,0,9.327724247
B,FALSE,0,0,10.44429729
B,FALSE,0,0,2.879107861
B,FALSE,0,0,1
B,FALSE,0,0,3.191380863
B,FALSE,0,0,16.54918073
B,FALSE,0,0,1
B,FALSE,0,0,1
B,FALSE,0,0,10.69135388
B,FALSE,0,0,17.81055522
B,FALSE,0,0,8.363795007
B,FALSE,0,0,1
B,FALSE,0,0,12.07142009
B,FALSE,0,0,7.613030059
B,FALSE,0,0,2.113718707
B,FALSE,0,0,4.650660727
B,TRUE,2,122,1.556333685
B,FALSE,0,0,1
B,FALSE,0,0,1
B,FALSE,0,0,19.01580606
B,FALSE,0,0,1
B,FALSE,0,0,15.31141589
B,FALSE,0,0,4.428821193
B,FALSE,0,0,23.80718106
B,FALSE,0,0,7.588810817
B,FALSE,0,0,12.27222392
B,FALSE,0,0,1
B,FALSE,0,0,8.909936332
B,FALSE,0,0,12.19363354
B,TRUE,3,168,1
B,FALSE,0,0,1.991291858
B,FALSE,0,0,5.428091991
B,FALSE,0,0,18.50454633
B,FALSE,0,0,1
B,FALSE,0,0,1
B,FALSE,0,0,15.20466733
B,FALSE,0,0,10.20201359
B,FALSE,0,0,1
B,FALSE,0,0,6.056980535
B,TRUE,5,396,15.04100846
B,FALSE,0,0,13.45884057
B,TRUE,3,222,1
B,TRUE,3,178,5.664574463
B,FALSE,0,0,1.263365971
B,FALSE,0,0,1
B,FALSE,0,0,5.147815757
B,FALSE,0,0,7.064998269
B,FALSE,0,0,7.972610597
B,FALSE,0,0,15.29894275
B,FALSE,0,0,7.860667129
B,FALSE,0,0,17.72176773
B,FALSE,0,0,1
B,FALSE,0,0,8.490406648
B,FALSE,0,0,13.34640142
B,FALSE,0,0,2.637370366
B,FALSE,0,0,1
B,FALSE,0,0,1
B,FALSE,0,0,18.9633726
B,FALSE,0,0,11.3182506
B,FALSE,0,0,1
B,FALSE,0,0,13.18725919
B,FALSE,0,0,10.03594668
B,FALSE,0,0,5.688038231
B,FALSE,0,0,1
B,FALSE,0,0,11.80155765
B,FALSE,0,0,13.41934891
B,FALSE,0,0,1
B,FALSE,0,0,6.293081282
B,FALSE,0,0,14.108971
B,FALSE,0,0,14.88158517
B,FALSE,0,0,19.04440152
B,FALSE,0,0,19.11299188
B,FALSE,0,0,7.611731054
B,FALSE,0,0,8.092483845
B,FALSE,0,0,19.27516012
B,FALSE,0,0,1
B,FALSE,0,0,1.921870131
B,FALSE,0,0,7.77262065
B,FALSE,0,0,14.05993458
B,FALSE,0,0,9.902518878
B,FALSE,0,0,1
B,FALSE,0,0,15.00139052
B,FALSE,0,0,17.1116052
B,FALSE,0,0,1.423971353
B,FALSE,0,0,7.776202306
B,FALSE,0,0,1
B,FALSE,0,0,22.28104067
B,FALSE,0,0,10.64284956
B,FALSE,0,0,1
B,FALSE,0,0,16.19092226
B,FALSE,0,0,4.487543152
B,FALSE,0,0,7.097902446
B,FALSE,0,0,10.29759831
B,FALSE,0,0,7.755785892
B,FALSE,0,0,7.356452833
B,FALSE,0,0,9.389289215
B,FALSE,0,0,1
B,FALSE,0,0,9.37531271
B,FALSE,0,0,6.667170866
B,FALSE,0,0,7.795174611
B,FALSE,0,0,4.256016388
B,FALSE,0,0,1.579527168
B,FALSE,0,0,2.120966875
B,FALSE,0,0,4.655033005
B,FALSE,0,0,10.878943
B,FALSE,0,0,1
B,FALSE,0,0,13.66153009
B,FALSE,0,0,6.930993114
B,FALSE,0,0,12.14802074
B,FALSE,0,0,1
B,FALSE,0,0,14.28433273
B,FALSE,0,0,6.79780525
B,FALSE,0,0,15.7203351
B,FALSE,0,0,5.274920436
B,FALSE,0,0,2.415284993
B,FALSE,0,0,11.44732958
B,FALSE,0,0,15.06713741
B,FALSE,0,0,1
B,FALSE,0,0,5.731329244
B,FALSE,0,0,5.036217038
B,FALSE,0,0,3.113247558
B,FALSE,0,0,5.624534833
B,FALSE,0,0,11.16401667
B,FALSE,0,0,6.830940906
B,FALSE,0,0,1
B,FALSE,0,0,6.777900355
B,FALSE,0,0,6.757753232
B,FALSE,0,0,9.013810371
B,FALSE,0,0,12.00482767
B,FALSE,0,0,8.673232295
B,FALSE,0,0,10.47059593
B,FALSE,0,0,13.78626468
B,FALSE,0,0,3.971413549
B,FALSE,0,0,2.841117249
B,FALSE,0,0,12.98954624
B,FALSE,0,0,19.8358752
B,FALSE,0,0,1.276423237
B,TRUE,4,2.46388E+14,7.482850431
B,FALSE,0,0,10.26251959
B,FALSE,0,0,1
B,FALSE,0,0,13.04187038
B,FALSE,0,0,1
B,FALSE,0,0,12.97707718
B,FALSE,0,0,1
B,FALSE,0,0,7.951898617
B,TRUE,2,144,15.40784809
B,FALSE,0,0,10.62129162
B,TRUE,3,198,1
B,FALSE,0,0,7.254375078
B,FALSE,0,0,25.61049238
B,FALSE,0,0,9.201669473
B,FALSE,0,0,9.308957163
B,FALSE,0,0,10.27405695
B,FALSE,0,0,11.61593295
B,FALSE,0,0,2.195126575
B,FALSE,0,0,7.66681299
B,FALSE,0,0,11.39820159
B,FALSE,0,0,10.0996315
B,FALSE,0,0,11.57706492
B,FALSE,0,0,7.409416884
B,FALSE,0,0,1
B,FALSE,0,0,7.287608145
B,FALSE,0,0,7.451194252
B,FALSE,0,0,15.68340889
B,FALSE,0,0,1
B,FALSE,0,0,2.50212228
B,FALSE,0,0,3.838562315
B,FALSE,0,0,8.70503226
B,FALSE,0,0,5.058971254
B,FALSE,0,0,3.265246017
B,FALSE,0,0,3.816074149
B,FALSE,0,0,1
B,FALSE,0,0,9.39756749
B,FALSE,0,0,12.1952695
B,FALSE,0,0,1
B,FALSE,0,0,12.42517978
B,FALSE,0,0,12.62669673
B,FALSE,0,0,21.83052584
B,FALSE,0,0,1
B,FALSE,0,0,1
B,FALSE,0,0,1
B,FALSE,0,0,1
B,FALSE,0,0,9.731307374
B,FALSE,0,0,11.60072336
B,FALSE,0,0,1
B,FALSE,0,0,11.62059178
B,FALSE,0,0,3.603581994
B,FALSE,0,0,11.55244898
B,FALSE,0,0,10.31215428
B,FALSE,0,0,1
B,FALSE,0,0,2.657105068
B,FALSE,0,0,13.4873124
B,FALSE,0,0,9.183656753
B,FALSE,0,0,1
B,FALSE,0,0,3.913099215
B,FALSE,0,0,3.539359937
B,FALSE,0,0,8.329183008
B,FALSE,0,0,1
B,FALSE,0,0,2.021007859
B,FALSE,0,0,4.775985842
B,FALSE,0,0,11.43651228
B,FALSE,0,0,1
B,FALSE,0,0,4.841111316
B,TRUE,1,62,12.30917352
B,FALSE,0,0,1
B,FALSE,0,0,1
B,FALSE,0,0,10.10827249
B,FALSE,0,0,10.85468059
B,TRUE,4,249,10.97337835
B,FALSE,0,0,11.86304767
B,FALSE,0,0,6.039077089
B,FALSE,0,0,1.053387951
B,FALSE,0,0,9.096315051
B,FALSE,0,0,7.577285116
B,FALSE,0,0,1.714030521
B,FALSE,0,0,1
B,FALSE,0,0,7.837517942
B,FALSE,0,0,7.627183258
B,FALSE,0,0,1
B,FALSE,0,0,4.204297219
B,FALSE,0,0,1
B,FALSE,0,0,1
B,FALSE,0,0,3.998705827
B,FALSE,0,0,13.31333811
B,FALSE,0,0,1
B,FALSE,0,0,7.20594643
B,FALSE,0,0,3.793996419
B,FALSE,0,0,8.631965752
B,FALSE,0,0,12.17367799
B,FALSE,0,0,3.477408137
B,FALSE,0,0,3.039792315
B,FALSE,0,0,20.17450102
B,FALSE,0,0,10.54431761
B,FALSE,0,0,10.01801384
B,FALSE,0,0,2.668597809
B,FALSE,0,0,2.978789278
B,FALSE,0,0,6.951040106
B,FALSE,0,0,1
B,FALSE,0,0,9.287179857
B,FALSE,0,0,5.928449114
B,FALSE,0,0,1
B,TRUE,5,264,7.077353752
B,FALSE,0,0,10.13549731
B,FALSE,0,0,5.296950911
B,FALSE,0,0,16.39895776
B,FALSE,0,0,14.81581401
B,FALSE,0,0,1
B,FALSE,0,0,1
B,FALSE,0,0,14.53156633
B,FALSE,0,0,3.543931229
B,FALSE,0,0,9.580226052
B,FALSE,0,0,1
B,FALSE,0,0,8.174498526
B,FALSE,0,0,1
B,FALSE,0,0,6.216290896
B,FALSE,0,0,2.774926308
B,FALSE,0,0,9.000252819
B,FALSE,0,0,7.088859105
B,FALSE,0,0,4.71826139
B,FALSE,0,0,3.634899702
B,FALSE,0,0,6.402487753
B,FALSE,0,0,13.18578031
B,FALSE,0,0,1
B,FALSE,0,0,9.051236523
B,FALSE,0,0,1
B,FALSE,0,0,6.856612497
B,FALSE,0,0,4.318394799
B,FALSE,0,0,12.94407374
B,FALSE,0,0,4.198460526
B,FALSE,0,0,3.146855935
B,FALSE,0,0,12.7731169
B,FALSE,0,0,1
B,FALSE,0,0,4.087530783
B,FALSE,0,0,4.918502481
B,FALSE,0,0,1.377356156
B,FALSE,0,0,10.88478131
B,FALSE,0,0,7.260004235
B,FALSE,0,0,7.259542094
B,FALSE,0,0,14.06648056
B,FALSE,0,0,10.2830041
B,FALSE,0,0,14.54793818
B,FALSE,0,0,8.984028261
B,FALSE,0,0,9.926231752
B,FALSE,0,0,8.764804761
B,FALSE,0,0,10.2891435
B,TRUE,4,245,5.128768326
B,FALSE,0,0,12.78946649
B,FALSE,0,0,10.29601679
B,FALSE,0,0,1
B,TRUE,5,395,5.433776987
B,FALSE,0,0,1
B,FALSE,0,0,7.071631171
B,FALSE,0,0,1
B,TRUE,4,222,5.524389889
B,FALSE,0,0,12.45219929
B,FALSE,0,0,1
B,FALSE,0,0,13.79808308
B,FALSE,0,0,10.41628111
C,FALSE,0,0,12.92727326
C,FALSE,0,0,10.53892757
C,FALSE,0,0,1.5
C,FALSE,0,0,7.267150204
C,FALSE,0,0,16.63168074
C,FALSE,0,0,20.34573098
C,FALSE,0,0,23.16040527
C,FALSE,0,0,1.5
C,FALSE,0,0,1.643635583
C,FALSE,0,0,1.5
C,FALSE,0,0,12.48065673
C,FALSE,0,0,5.27746933
C,FALSE,0,0,1.5
C,FALSE,0,0,1.5
C,FALSE,0,0,1.5
C,FALSE,0,0,1.5
C,FALSE,0,0,14.39455541
C,FALSE,0,0,29.63334739
C,FALSE,0,0,6.453772474
C,FALSE,0,0,27.4861228
C,FALSE,0,0,4.552612994
C,FALSE,0,0,8.531355069
C,FALSE,0,0,5.560305571
C,FALSE,0,0,8.103261241
C,FALSE,0,0,1.5
C,FALSE,0,0,18.23091111
C,FALSE,0,0,1.5
C,TRUE,2,25,13.34808998
C,FALSE,0,0,4.770216851
C,FALSE,0,0,6.793260143
C,FALSE,0,0,8.657575184
C,FALSE,0,0,20.39997425
C,TRUE,15,40,6.738780557
C,FALSE,0,0,1.5
C,TRUE,20,35,13.36838958
C,FALSE,0,0,5.573887433
C,FALSE,0,0,10.67637749
C,FALSE,0,0,1.5
C,FALSE,0,0,9.332780691
C,FALSE,0,0,4.425654993
C,FALSE,0,0,1.5
C,FALSE,0,0,6.187773407
C,FALSE,0,0,12.71077844
C,FALSE,0,0,16.3712413
C,FALSE,0,0,6.958546822
C,FALSE,0,0,10.32413896
C,FALSE,0,0,2.212817667
C,FALSE,0,0,12.89850895
C,FALSE,0,0,18.39676125
C,FALSE,0,0,6.615260557
C,FALSE,0,0,1.5
C,FALSE,0,0,13.70230356
C,FALSE,0,0,9.182258138
C,FALSE,0,0,14.29623714
C,FALSE,0,0,13.00009496
C,FALSE,0,0,15.67798626
C,FALSE,0,0,1.5
C,FALSE,0,0,10.46893133
C,FALSE,0,0,12.16500428
C,FALSE,0,0,9.288624469
C,TRUE,55,105,12.46531845
C,FALSE,0,0,8.537508485
C,FALSE,0,0,15.69628274
C,FALSE,0,0,6.862886207
C,FALSE,0,0,5.134625727
C,FALSE,0,0,4.890308818
C,FALSE,0,0,24.77548745
C,FALSE,0,0,2.886761456
C,FALSE,0,0,5.322047215
C,FALSE,0,0,17.89183125
C,FALSE,0,0,3.104300459
C,FALSE,0,0,18.82639424
C,FALSE,0,0,1.5
C,FALSE,0,0,11.43954559
C,FALSE,0,0,1.5
C,FALSE,0,0,9.587566321
C,FALSE,0,0,34.15883098
C,TRUE,17,25,1.5
C,FALSE,0,0,14.90283559
C,FALSE,0,0,1.5
C,FALSE,0,0,12.85504692
C,TRUE,10,15,11.9340559
C,FALSE,0,0,3.731706696
C,FALSE,0,0,11.85251483
C,FALSE,0,0,10.82346411
C,FALSE,0,0,9.03391763
C,FALSE,0,0,4.619156596
C,FALSE,0,0,21.92970277
C,FALSE,0,0,1.5
C,FALSE,0,0,17.22444391
C,FALSE,0,0,1.5
C,FALSE,0,0,10.37180546
C,FALSE,0,0,5.259265406
C,FALSE,0,0,30.90140809
C,FALSE,0,0,1.5
C,FALSE,0,0,4.359592361
C,FALSE,0,0,1.5
C,FALSE,0,0,14.1544181
C,FALSE,0,0,1.5
C,FALSE,0,0,1.5
C,FALSE,0,0,6.122984055
C,FALSE,0,0,1.5
C,FALSE,0,0,1.5
C,FALSE,0,0,20.05559937
C,FALSE,0,0,14.83221581
C,TRUE,7,12,11.33091759
C,FALSE,0,0,14.53786045
C,FALSE,0,0,13.07792193
C,FALSE,0,0,1.902223638
C,FALSE,0,0,1.5
C,FALSE,0,0,4.286648914
C,FALSE,0,0,9.914402294
C,FALSE,0,0,2.337380033
C,FALSE,0,0,21.79667767
C,FALSE,0,0,16.22292802
C,TRUE,35,40,15.74778892
C,FALSE,0,0,8.687303724
C,FALSE,0,0,1.5
C,FALSE,0,0,22.99748308
C,TRUE,3,7,12.77651754
C,FALSE,0,0,12.44440067
C,FALSE,0,0,2.283773483
C,FALSE,0,0,15.50694591
C,FALSE,0,0,18.81426405
C,FALSE,0,0,1.5
C,FALSE,0,0,1.5
C,FALSE,0,0,6.887486149
C,FALSE,0,0,14.16406934
C,FALSE,0,0,1.5
C,FALSE,0,0,18.38491676
C,FALSE,0,0,7.675520749
C,FALSE,0,0,17.61855264
C,FALSE,0,0,19.4318294
C,FALSE,0,0,13.56576588
C,FALSE,0,0,1.5
C,FALSE,0,0,10.168415
C,FALSE,0,0,8.865085933
C,FALSE,0,0,13.27238208
C,FALSE,0,0,4.522872422
C,FALSE,0,0,11.05296685
C,FALSE,0,0,5.930303467
C,FALSE,0,0,7.941877177
C,TRUE,30,60,10.85858313
C,FALSE,0,0,13.76405401
C,TRUE,14,20,10.50166597
C,FALSE,0,0,6.51932456
C,FALSE,0,0,3.121008728
C,FALSE,0,0,4.671437626
C,FALSE,0,0,11.32720963
C,FALSE,0,0,1.5
C,FALSE,0,0,8.463187955
C,FALSE,0,0,1.5
C,FALSE,0,0,13.25813866
C,FALSE,0,0,1.5
C,FALSE,0,0,5.632630275
C,TRUE,15,10,3.828208437
C,FALSE,0,0,13.84582563
C,FALSE,0,0,1.5
C,FALSE,0,0,11.28087811
C,FALSE,0,0,1.5
C,FALSE,0,0,2.981888146
C,FALSE,0,0,17.16899507
C,FALSE,0,0,17.37119721
C,FALSE,0,0,16.87535322
C,FALSE,0,0,1.704085971
C,FALSE,0,0,7.145947256
C,FALSE,0,0,1.5
C,FALSE,0,0,1.5
C,FALSE,0,0,14.90631373
C,FALSE,0,0,1.5
C,FALSE,0,0,1.5
C,FALSE,0,0,3.079663736
C,FALSE,0,0,6.945274996
C,FALSE,0,0,1.5
C,FALSE,0,0,17.99961037
C,FALSE,0,0,8.97693767
C,FALSE,0,0,12.33300922
C,FALSE,0,0,2.704104237
C,FALSE,0,0,21.36386021
C,FALSE,0,0,1.5
C,FALSE,0,0,14.17368879
C,FALSE,0,0,2.029446361
C,FALSE,0,0,1.5
C,FALSE,0,0,7.657335991
C,FALSE,0,0,27.48875883
C,FALSE,0,0,9.830649595
C,FALSE,0,0,7.849314576
C,FALSE,0,0,3.023501309
C,FALSE,0,0,30.95773019
C,FALSE,0,0,4.540976925
C,FALSE,0,0,5.201386332
C,FALSE,0,0,24.94122975
C,TRUE,2,6,8.340619878
C,FALSE,0,0,13.71505311
C,FALSE,0,0,16.8363098
C,FALSE,0,0,5.225522048
C,FALSE,0,0,1.5
C,FALSE,0,0,17.84518472
C,FALSE,0,0,15.46395952
C,FALSE,0,0,1.5
C,FALSE,0,0,9.087491529
C,FALSE,0,0,1.5
C,FALSE,0,0,1.964439267
C,TRUE,3,5,1.5
C,TRUE,6,15,22.44600258
C,FALSE,0,0,12.17410574
C,FALSE,0,0,10.5559277
C,FALSE,0,0,1.5
C,FALSE,0,0,4.832202912
C,FALSE,0,0,1.5
C,FALSE,0,0,8.821844062
C,FALSE,0,0,11.28556114
C,FALSE,0,0,1.5
C,FALSE,0,0,9.193313157
C,FALSE,0,0,29.16103568
C,FALSE,0,0,14.34793378
C,FALSE,0,0,21.9707342
C,FALSE,0,0,1.5
C,FALSE,0,0,5.279250253
C,FALSE,0,0,1.5
C,FALSE,0,0,11.95011037
C,FALSE,0,0,1.5
C,FALSE,0,0,15.29381137
C,FALSE,0,0,17.47086186
C,FALSE,0,0,1.5
C,FALSE,0,0,16.64079597
C,FALSE,0,0,1.5
C,FALSE,0,0,10.59657474
C,FALSE,0,0,6.631296105
C,TRUE,7,18,5.013869922
C,FALSE,0,0,2.474860504
C,FALSE,0,0,1.5
C,FALSE,0,0,23.10040846
C,FALSE,0,0,10.91389988
C,FALSE,0,0,23.28408201
C,FALSE,0,0,1.5
C,FALSE,0,0,8.349952594
C,FALSE,0,0,6.462042489
C,FALSE,0,0,1.5
C,FALSE,0,0,1.5
C,FALSE,0,0,5.574423971
C,FALSE,0,0,9.142924739
C,FALSE,0,0,5.328134347
C,FALSE,0,0,9.810209161
C,FALSE,0,0,13.8798171
C,TRUE,20,28,2.619636054
C,FALSE,0,0,1.5
C,FALSE,0,0,3.635191408
C,TRUE,14,12,8.755104222
C,FALSE,0,0,13.04305386
C,FALSE,0,0,1.5
C,FALSE,0,0,1.5
C,FALSE,0,0,1.5
C,FALSE,0,0,23.07031735
C,FALSE,0,0,1.5
C,FALSE,0,0,6.964606529
C,FALSE,0,0,1.5
C,FALSE,0,0,11.63821117
C,FALSE,0,0,16.2210185
C,FALSE,0,0,3.850616859
C,FALSE,0,0,1.5
C,FALSE,0,0,1.5
C,TRUE,22,45,9.117502978
C,FALSE,0,0,1.5
C,FALSE,0,0,12.34603962
C,FALSE,0,0,5.769905252
C,FALSE,0,0,15.38443581
C,FALSE,0,0,12.4400621
C,FALSE,0,0,14.39989941
C,FALSE,0,0,1.5
C,FALSE,0,0,13.08924816
C,FALSE,0,0,8.920565549
C,FALSE,0,0,23.85907888
C,FALSE,0,0,28.31488621
C,FALSE,0,0,1.5
C,FALSE,0,0,21.45448451
C,FALSE,0,0,10.34520682
C,FALSE,0,0,1.5
C,FALSE,0,0,3.68835983
C,FALSE,0,0,1.5
C,FALSE,0,0,8.257578384
C,FALSE,0,0,18.3599348
C,FALSE,0,0,1.5
C,FALSE,0,0,1.5
C,FALSE,0,0,5.960989739
C,FALSE,0,0,1.5
C,FALSE,0,0,19.18186518
C,FALSE,0,0,1.5
C,FALSE,0,0,7.186114481
C,FALSE,0,0,21.96024736
C,FALSE,0,0,18.66946408
C,FALSE,0,0,11.92653531
C,FALSE,0,0,18.59129039
C,FALSE,0,0,13.3083299
C,FALSE,0,0,10.57890257
C,FALSE,0,0,9.030833123
C,FALSE,0,0,1.5
C,FALSE,0,0,13.70694102
C,FALSE,0,0,15.96508106
C,FALSE,0,0,20.79163593
C,FALSE,0,0,9.047079193
C,FALSE,0,0,1.5
C,FALSE,0,0,5.79304805
C,FALSE,0,0,1.5
C,FALSE,0,0,1.5
C,FALSE,0,0,8.738543919
C,FALSE,0,0,11.22938977
C,FALSE,0,0,6.537128405
C,FALSE,0,0,7.025319682
C,FALSE,0,0,1.5
C,FALSE,0,0,13.96026823
C,FALSE,0,0,1.5
C,FALSE,0,0,1.5
C,FALSE,0,0,8.740810663
C,TRUE,34,25,13.29894998
C,FALSE,0,0,21.08957823
C,FALSE,0,0,18.95635165
C,FALSE,0,0,12.51570485
C,FALSE,0,0,1.5
C,FALSE,0,0,13.82947844
C,FALSE,0,0,33.0131802
C,TRUE,5,10,18.59861559
C,FALSE,0,0,1.5
C,TRUE,2,5,1.5
C,FALSE,0,0,2.501376482
C,FALSE,0,0,4.811067233
C,FALSE,0,0,5.548683491
C,FALSE,0,0,17.85854684
C,FALSE,0,0,1.5
C,FALSE,0,0,7.045865498
C,FALSE,0,0,6.211428816
C,FALSE,0,0,16.42728631
C,FALSE,0,0,13.34469344
C,FALSE,0,0,1.5
C,FALSE,0,0,8.840795432
C,FALSE,0,0,1.5
C,FALSE,0,0,17.09564471
C,FALSE,0,0,1.5
C,FALSE,0,0,13.07857195
C,FALSE,0,0,29.10764176
C,FALSE,0,0,8.900015642
C,FALSE,0,0,1.5
C,FALSE,0,0,1.5
C,FALSE,0,0,10.99023799
C,FALSE,0,0,27.50173614
C,FALSE,0,0,5.954655623
C,FALSE,0,0,9.95448814
C,FALSE,0,0,7.107150934
C,FALSE,0,0,9.835395574
C,FALSE,0,0,1.5
C,FALSE,0,0,10.70199299
C,FALSE,0,0,15.52725673
C,FALSE,0,0,1.886029214
C,FALSE,0,0,1.915411797
C,FALSE,0,0,8.708990704
C,FALSE,0,0,27.03200504
C,FALSE,0,0,14.12763382
C,FALSE,0,0,2.292171104
C,FALSE,0,0,4.006614652
C,FALSE,0,0,17.74607757
C,FALSE,0,0,16.29446941
C,FALSE,0,0,3.077965178
C,FALSE,0,0,18.14882514
C,FALSE,0,0,1.5
C,FALSE,0,0,17.34801467
C,FALSE,0,0,2.445689722
C,FALSE,0,0,14.55300993
C,TRUE,4,8,17.44776994
C,TRUE,5,14,11.06714006
C,FALSE,0,0,8.2643071
C,FALSE,0,0,4.888206608
C,FALSE,0,0,9.996340553
C,FALSE,0,0,12.84084129
C,FALSE,0,0,8.88720393
C,FALSE,0,0,9.658666037
C,FALSE,0,0,11.66943845
C,FALSE,0,0,15.13084507
C,FALSE,0,0,11.05219451
C,FALSE,0,0,18.3257669
C,FALSE,0,0,14.52584023
C,FALSE,0,0,11.61041073
C,TRUE,18,27,15.06919184
C,FALSE,0,0,19.5971555
C,FALSE,0,0,6.304665192
C,FALSE,0,0,7.909763309
C,FALSE,0,0,10.90076821
C,TRUE,11,8,20.38773465
C,FALSE,0,0,11.08402586
C,FALSE,0,0,15.8780762
C,FALSE,0,0,1.5
C,FALSE,0,0,1.5
C,FALSE,0,0,19.25474633
C,FALSE,0,0,11.70632267
C,FALSE,0,0,1.5
C,FALSE,0,0,12.59884793
C,FALSE,0,0,1.5
C,FALSE,0,0,5.36947024
C,FALSE,0,0,16.74700923
C,FALSE,0,0,7.693176266
C,FALSE,0,0,14.98788096
C,FALSE,0,0,5.54007356
C,FALSE,0,0,7.490023592
C,FALSE,0,0,22.61596218
C,FALSE,0,0,13.2857231
C,FALSE,0,0,20.63361525
C,FALSE,0,0,9.532544572
C,FALSE,0,0,13.06838413
C,FALSE,0,0,1.5
C,FALSE,0,0,18.89334214
C,FALSE,0,0,8.985485808
C,FALSE,0,0,18.00051422
C,FALSE,0,0,1.5
C,FALSE,0,0,4.570216572
C,FALSE,0,0,26.64580984
C,FALSE,0,0,10.53052163
C,FALSE,0,0,23.66897091
C,FALSE,0,0,12.97961415
C,TRUE,40,112,13.73706068
C,FALSE,0,0,1.5
C,FALSE,0,0,1.5
C,FALSE,0,0,7.202216719
C,FALSE,0,0,6.136199722
C,FALSE,0,0,1.5
C,FALSE,0,0,3.369145845
C,FALSE,0,0,11.13261771
C,FALSE,0,0,8.567832304
C,FALSE,0,0,12.18092858
C,FALSE,0,0,11.69327778
C,FALSE,0,0,4.715733473
C,FALSE,0,0,11.49884794
C,FALSE,0,0,11.62896177
C,FALSE,0,0,7.284246491
C,FALSE,0,0,4.06448188
C,FALSE,0,0,1.5
C,FALSE,0,0,12.12253209
C,TRUE,35,85,1.5
C,FALSE,0,0,18.90777189
C,TRUE,24,42,7.672118006
C,FALSE,0,0,4.59076212
C,FALSE,0,0,5.195043066
C,FALSE,0,0,25.97191463
C,FALSE,0,0,1.5
C,FALSE,0,0,18.58844253
C,FALSE,0,0,11.49071892
C,FALSE,0,0,1.5
C,FALSE,0,0,6.929409766
C,TRUE,30,45,9.510208798
C,FALSE,0,0,12.02400168
C,TRUE,18,28,16.8376875
C,FALSE,0,0,5.053271691
C,FALSE,0,0,10.26607867
C,FALSE,0,0,14.28720907
C,FALSE,0,0,1.5
C,FALSE,0,0,12.01038588
C,FALSE,0,0,3.57643517
C,FALSE,0,0,1.5
C,FALSE,0,0,9.440108286
C,FALSE,0,0,14.95359156
C,FALSE,0,0,22.06017791
C,TRUE,4,10,23.23199551
C,FALSE,0,0,1.5
C,FALSE,0,0,5.220044637
C,FALSE,0,0,16.3052737
C,FALSE,0,0,13.53270818
C,FALSE,0,0,1.5
C,FALSE,0,0,15.45026881
C,FALSE,0,0,14.57034777
C,FALSE,0,0,7.997184103
C,FALSE,0,0,16.94297538
C,FALSE,0,0,1.5
C,FALSE,0,0,1.5
C,FALSE,0,0,1.5
C,FALSE,0,0,16.0649774
C,FALSE,0,0,1.5
C,FALSE,0,0,1.730636213
C,FALSE,0,0,3.954346147
C,FALSE,0,0,34.92271129
C,FALSE,0,0,12.11672459
C,FALSE,0,0,18.80322657
C,FALSE,0,0,7.729912394
C,FALSE,0,0,8.032440804
C,FALSE,0,0,10.9652414
C,FALSE,0,0,10.36059143
C,FALSE,0,0,21.45715113
C,FALSE,0,0,13.77373506
C,FALSE,0,0,9.734218179
C,FALSE,0,0,1.5
C,FALSE,0,0,3.753871558
C,FALSE,0,0,1.5
C,FALSE,0,0,2.687956066
C,FALSE,0,0,1.5
C,FALSE,0,0,1.5
C,FALSE,0,0,7.294102023
C,FALSE,0,0,6.427424099
C,FALSE,0,0,1.5
C,FALSE,0,0,8.800407072
C,FALSE,0,0,14.61965579
C,FALSE,0,0,1.587386329
C,FALSE,0,0,17.41366369
C,FALSE,0,0,1.5
C,FALSE,0,0,1.5
C,FALSE,0,0,14.9308708
C,FALSE,0,0,9.590945548
C,FALSE,0,0,10.38537899
C,FALSE,0,0,3.943936342
C,FALSE,0,0,1.5
C,FALSE,0,0,12.04038171
C,FALSE,0,0,15.15507353
C,FALSE,0,0,22.29616352
C,FALSE,0,0,11.62630959
C,FALSE,0,0,10.40974134
C,FALSE,0,0,5.97999482
C,FALSE,0,0,2.516097205
C,FALSE,0,0,1.5
C,FALSE,0,0,1.572876437
C,FALSE,0,0,7.59678142
C,FALSE,0,0,7.423612603
C,FALSE,0,0,13.17727373
C,FALSE,0,0,14.78431774
C,FALSE,0,0,1.5
C,FALSE,0,0,1.5
C,FALSE,0,0,3.248699008
C,FALSE,0,0,1.5
C,FALSE,0,0,1.5
C,FALSE,0,0,14.85165288
C,FALSE,0,0,1.5
C,FALSE,0,0,1.5
C,FALSE,0,0,14.81074737
C,FALSE,0,0,18.90977216
C,FALSE,0,0,1.5
C,FALSE,0,0,2.798726787
C,FALSE,0,0,13.4844841
C,TRUE,5,7,1.5
C,FALSE,0,0,10.45576858
C,FALSE,0,0,8.997056551
C,FALSE,0,0,19.57091135
C,FALSE,0,0,13.35452112
C,TRUE,27,30,23.03282308
C,FALSE,0,0,19.28011099
C,FALSE,0,0,1.5
C,FALSE,0,0,9.191088963
C,FALSE,0,0,7.677614986
C,FALSE,0,0,7.34899686
C,FALSE,0,0,11.08696981
C,FALSE,0,0,1.5
C,FALSE,0,0,16.51003819
C,FALSE,0,0,3.167261639
C,FALSE,0,0,1.5
C,TRUE,6,10,10.82921176
C,FALSE,0,0,7.100561051
C,FALSE,0,0,1.5
C,FALSE,0,0,11.67100088
C,FALSE,0,0,14.42870449
C,FALSE,0,0,1.5
C,FALSE,0,0,1.5
C,FALSE,0,0,2.914100823
C,TRUE,18,15,9.325311394
C,FALSE,0,0,14.98478108
C,FALSE,0,0,18.64925447
C,FALSE,0,0,3.098473898
C,FALSE,0,0,13.23547703
C,FALSE,0,0,17.57407572
C,FALSE,0,0,4.969060278
C,FALSE,0,0,12.89620679
C,TRUE,50,88,10.55391971
C,FALSE,0,0,12.49294052
C,FALSE,0,0,10.60312497
C,FALSE,0,0,7.877769577
C,FALSE,0,0,23.35995164
C,FALSE,0,0,5.544298938
C,FALSE,0,0,10.1118522
C,FALSE,0,0,2.277955261
C,FALSE,0,0,1.5
C,FALSE,0,0,19.8149367
C,TRUE,5,12,8.744561943
C,TRUE,48,130,15.90910755
C,FALSE,0,0,1.5
C,FALSE,0,0,13.26589309
C,FALSE,0,0,1.5
C,FALSE,0,0,11.02867947
C,FALSE,0,0,4.769031771
C,FALSE,0,0,26.15808595
C,FALSE,0,0,6.607959797
C,FALSE,0,0,4.574903373
C,FALSE,0,0,10.10602423
C,FALSE,0,0,1.5
C,FALSE,0,0,10.73990445
C,FALSE,0,0,18.0614315
C,FALSE,0,0,1.5
C,FALSE,0,0,26.67082808
C,FALSE,0,0,18.82199423
C,TRUE,7,18,2.029305469
C,FALSE,0,0,2.362892303
C,FALSE,0,0,13.61488578
C,FALSE,0,0,11.39764373
C,FALSE,0,0,11.58911455
C,FALSE,0,0,1.5
C,FALSE,0,0,1.5
C,FALSE,0,0,2.336939777
C,FALSE,0,0,13.5954695
C,FALSE,0,0,1.5
C,FALSE,0,0,4.707848659
C,FALSE,0,0,9.664431455
C,FALSE,0,0,1.5
C,FALSE,0,0,12.38995613
C,FALSE,0,0,10.10744926
C,FALSE,0,0,6.204167462
C,FALSE,0,0,5.646790671
C,FALSE,0,0,4.039639034
C,FALSE,0,0,5.676152706
C,FALSE,0,0,6.401043287
C,FALSE,0,0,7.863824668
C,FALSE,0,0,5.026110844
C,FALSE,0,0,9.785957194
C,FALSE,0,0,13.20636771
C,FALSE,0,0,16.82669767
C,FALSE,0,0,1.5
C,FALSE,0,0,12.34456321
C,FALSE,0,0,2.353796097
C,FALSE,0,0,2.458977736
C,FALSE,0,0,1.5
C,TRUE,11,22,5.890373958
C,FALSE,0,0,8.740703431
C,FALSE,0,0,1.5
C,FALSE,0,0,9.229698087
C,FALSE,0,0,1.5
C,FALSE,0,0,12.94490145
C,FALSE,0,0,22.25060763
C,FALSE,0,0,1.626314907
C,FALSE,0,0,3.338351772
C,FALSE,0,0,1.5
C,FALSE,0,0,6.42159809
C,FALSE,0,0,1.5
C,FALSE,0,0,9.086562243
C,FALSE,0,0,3.744065686
C,FALSE,0,0,1.5
C,FALSE,0,0,7.649312889
C,FALSE,0,0,1.5
C,FALSE,0,0,9.866434108
C,FALSE,0,0,14.91651921
C,FALSE,0,0,11.39462951
C,TRUE,2,5,1.5
C,FALSE,0,0,1.5
C,FALSE,0,0,9.549079761
C,FALSE,0,0,8.112759276
C,FALSE,0,0,3.38544732
C,FALSE,0,0,1.5
C,FALSE,0,0,1.5
C,FALSE,0,0,2.225708987
C,FALSE,0,0,1.5
C,FALSE,0,0,15.11833645
C,FALSE,0,0,4.567792319
C,FALSE,0,0,4.908708806
C,FALSE,0,0,16.04695494
C,FALSE,0,0,20.3710876
C,FALSE,0,0,3.140260123
C,FALSE,0,0,6.583986466
C,FALSE,0,0,6.92710236
C,FALSE,0,0,1.5
C,FALSE,0,0,15.48723521
C,FALSE,0,0,21.47891351
C,FALSE,0,0,14.32125265
C,FALSE,0,0,3.503967896
C,FALSE,0,0,21.31740112
C,FALSE,0,0,10.16280653
C,FALSE,0,0,14.37346993
C,FALSE,0,0,8.560521465
C,FALSE,0,0,3.422205504
C,FALSE,0,0,24.00888563
C,FALSE,0,0,13.9255677
C,TRUE,3,4,1.5
C,FALSE,0,0,3.220367836
C,FALSE,0,0,6.235837042
C,FALSE,0,0,1.5
C,FALSE,0,0,8.311424941
C,FALSE,0,0,13.91966459
C,FALSE,0,0,16.26109521
C,FALSE,0,0,6.415987066
C,FALSE,0,0,7.288130187
C,FALSE,0,0,1.5
C,FALSE,0,0,1.5
C,FALSE,0,0,6.334685434
C,FALSE,0,0,1.5
C,FALSE,0,0,1.5
C,FALSE,0,0,14.95273732
C,FALSE,0,0,6.055538375
C,TRUE,6,14,17.835109
C,FALSE,0,0,12.6346137
C,FALSE,0,0,9.919249844
C,FALSE,0,0,1.5
C,TRUE,7,12,13.19426425
C,FALSE,0,0,3.217761855
C,FALSE,0,0,14.01451882
C,FALSE,0,0,3.985626455
C,FALSE,0,0,13.19935701
C,FALSE,0,0,2.705237985
C,FALSE,0,0,5.60552884
C,FALSE,0,0,1.935454639
C,FALSE,0,0,1.5
C,FALSE,0,0,4.59194635
C,FALSE,0,0,1.5
C,FALSE,0,0,2.817704283
C,FALSE,0,0,37.13609183
C,FALSE,0,0,14.02963243
C,FALSE,0,0,1.5
C,FALSE,0,0,1.5
C,FALSE,0,0,14.96400286
C,FALSE,0,0,6.773096355
C,FALSE,0,0,25.82521718
C,FALSE,0,0,27.63299096
C,FALSE,0,0,27.0282249
C,FALSE,0,0,14.24340303
C,FALSE,0,0,2.252167484
C,FALSE,0,0,5.963464671
C,FALSE,0,0,8.122334028
C,FALSE,0,0,4.32087663
C,FALSE,0,0,10.02726211
C,FALSE,0,0,1.5
C,FALSE,0,0,25.86478477
C,FALSE,0,0,1.5
C,FALSE,0,0,1.5
C,FALSE,0,0,11.06231681
C,FALSE,0,0,1.5
C,FALSE,0,0,13.56489031
C,FALSE,0,0,1.5
C,FALSE,0,0,18.25556892
C,FALSE,0,0,10.77625912
C,FALSE,0,0,14.26812714
C,FALSE,0,0,1.5
C,FALSE,0,0,5.720851667
C,FALSE,0,0,15.2982481
C,FALSE,0,0,6.633353608
C,FALSE,0,0,12.53679636
C,FALSE,0,0,17.45462749